{"files":[{"url":"export-brief-00216339E.json","header":{"code":"00216339E","client":"101198","country":"IN","description":"To develop winning ideas for JO White Soap","dosage":0.8,"application":null,"projectcode":"00216339","projectname":"JO White Soap","projecttype":"NEW","projectdtstart":"2012-02-02T00:00:00.000Z","clientcode":"101198","clientname":"M/S VVF LTD","holdingcode":"181200","holdingname":"VVF INT'L","applicationgroupcode":"017310","applicationgroupname":"SOAP BAR","subsegmentcode":"BS","subsegmentname":"SOAP BAR","initiator":null}},{"url":"export-brief-00216775A.json","header":{"code":"00216775A","client":"005100","country":"IN","description":"Ideas for White soap promokit","dosage":1,"application":null,"projectcode":"00216775","projectname":"PROJECT BLANC","projecttype":"INTERNAL","projectdtstart":"2012-02-08T00:00:00.000Z","clientcode":"005100","clientname":"FIRINDIA","holdingcode":"005100","holdingname":"FIRINDIA","applicationgroupcode":"017310","applicationgroupname":"SOAP BAR","subsegmentcode":"BS","subsegmentname":"SOAP BAR","initiator":"CHEYPERF"}},{"url":"export-brief-00217392A.json","header":{"code":"00217392A","client":"101198","country":"IN","description":"To rework Bois De Santal for Jo Sandal","dosage":0.8,"application":null,"projectcode":"00217392","projectname":"JO SANDAL","projecttype":"DEFENSE","projectdtstart":"2012-02-15T00:00:00.000Z","clientcode":"101198","clientname":"M/S VVF LTD","holdingcode":"181200","holdingname":"VVF INT'L","applicationgroupcode":"017310","applicationgroupname":"SOAP BAR","subsegmentcode":"BS","subsegmentname":"SOAP BAR","initiator":null}},{"url":"export-brief-00218723A.json","header":{"code":"00218723A","client":"106119","country":"IN","description":"To submit the winning creation for Boroplus Antiseptic Soap","dosage":1,"application":null,"projectcode":"00218723","projectname":"To submit the winning creation for Boroplus Antiseptic Soap","projecttype":"NEW","projectdtstart":"2012-03-05T00:00:00.000Z","clientcode":"106119","clientname":"EMAMI LIMITED","holdingcode":"106119","holdingname":"EMAMI LIMITED","applicationgroupcode":"017310","applicationgroupname":"SOAP BAR","subsegmentcode":"BS","subsegmentname":"SOAP BAR","initiator":null}},{"url":"export-brief-00223542B.json","header":{"code":"00223542B","client":"832641","country":"IN","description":"To revive & explore Indian Flower for Pears re-submission","dosage":1.3,"application":null,"projectcode":"00223542","projectname":"Pears - Pure & Gentle","projecttype":"NEW","projectdtstart":"2012-05-14T00:00:00.000Z","clientcode":"832641","clientname":"HINDUSTAN UNILEVER LIMITED","holdingcode":"832000","holdingname":"UNILEVER INT'L","applicationgroupcode":"017310","applicationgroupname":"SOAP BAR","subsegmentcode":"BS","subsegmentname":"SOAP BAR","initiator":null}},{"url":"export-brief-00224697A.json","header":{"code":"00224697A","client":"102086","country":"IN","description":"Winning fragrance for new variants of Superia Silk","dosage":1,"application":null,"projectcode":"00224697","projectname":"SUPERIA SILK - NEW VARIANTS","projecttype":"NEW","projectdtstart":"2012-05-30T00:00:00.000Z","clientcode":"102086","clientname":"ITC LIMITED","holdingcode":"102086","holdingname":"ITC LIMITED","applicationgroupcode":"017310","applicationgroupname":"SOAP BAR","subsegmentcode":"BS","subsegmentname":"SOAP BAR","initiator":null}},{"url":"export-brief-00225006A.json","header":{"code":"00225006A","client":"110877","country":"IN","description":"Sandal Soap","dosage":1.2,"application":null,"projectcode":"00225006","projectname":"Sandal Soap","projecttype":"NEW","projectdtstart":"2012-06-04T00:00:00.000Z","clientcode":"110877","clientname":"RELIANCE RETAIL LIMITED","holdingcode":"110877","holdingname":"RELIANCE RETAIL LIMITED","applicationgroupcode":"017310","applicationgroupname":"SOAP BAR","subsegmentcode":"BS","subsegmentname":"SOAP BAR","initiator":null}},{"url":"export-brief-00225007A.json","header":{"code":"00225007A","client":"005100","country":"IN","description":"STARSEARCH WHITE BEAUTY","dosage":null,"application":null,"projectcode":"00225007","projectname":"STARSEARCH WHITE BEAUTY","projecttype":"INTERNAL","projectdtstart":"2012-06-04T00:00:00.000Z","clientcode":"005100","clientname":"FIRINDIA","holdingcode":"005100","holdingname":"FIRINDIA","applicationgroupcode":"017310","applicationgroupname":"SOAP BAR","subsegmentcode":"BS","subsegmentname":"SOAP BAR","initiator":null}},{"url":"export-brief-00225715B.json","header":{"code":"00225715B","client":"109850","country":"IN","description":"Chandrika - White","dosage":1.25,"application":null,"projectcode":"00225715","projectname":"Chandrika White","projecttype":"NEW","projectdtstart":"2012-06-14T00:00:00.000Z","clientcode":"109850","clientname":"WIPRO ENTERPRISES LIMITED","holdingcode":"121500","holdingname":"UNZA WIPRO INT'L","applicationgroupcode":"017310","applicationgroupname":"SOAP BAR","subsegmentcode":"BS","subsegmentname":"SOAP BAR","initiator":null}},{"url":"export-brief-00225742A.json","header":{"code":"00225742A","client":"109850","country":"IN","description":"Aramusk Blue Soap","dosage":1.2,"application":null,"projectcode":"00225742","projectname":"Wipro Aramusk Blue","projecttype":"NEW","projectdtstart":"2012-06-14T00:00:00.000Z","clientcode":"109850","clientname":"WIPRO ENTERPRISES LIMITED","holdingcode":"121500","holdingname":"UNZA WIPRO INT'L","applicationgroupcode":"017310","applicationgroupname":"SOAP BAR","subsegmentcode":"BS","subsegmentname":"SOAP BAR","initiator":null}},{"url":"export-brief-00225940A.json","header":{"code":"00225940A","client":"T118203","country":"IN","description":"VENUS LIME SOAP","dosage":1,"application":null,"projectcode":"00225940","projectname":"VENUS LIME SOAP","projecttype":"NEW","projectdtstart":"2012-06-18T00:00:00.000Z","clientcode":"T118203","clientname":"ROHIT SURFACTANTS PVT. LTD.","holdingcode":"T118203","holdingname":"ROHIT SURFACTANTS PVT. LTD.","applicationgroupcode":"017310","applicationgroupname":"SOAP BAR","subsegmentcode":"BS","subsegmentname":"SOAP BAR","initiator":null}},{"url":"export-brief-00226723B.json","header":{"code":"00226723B","client":"102086","country":"IN","description":"To create winning frag for new Superia Glow Variant- Lavender","dosage":1,"application":null,"projectcode":"00226723","projectname":"Superia Glow Lavender Variant","projecttype":"NEW","projectdtstart":"2012-06-27T00:00:00.000Z","clientcode":"102086","clientname":"ITC LIMITED","holdingcode":"102086","holdingname":"ITC LIMITED","applicationgroupcode":"017310","applicationgroupname":"SOAP BAR","subsegmentcode":"BS","subsegmentname":"SOAP BAR","initiator":null}},{"url":"export-brief-00227819B.json","header":{"code":"00227819B","client":"109850","country":"IN","description":"Santoor - Glycerine","dosage":1.2,"application":null,"projectcode":"00227819","projectname":"Santoor Glycerine","projecttype":"NEW","projectdtstart":"2012-07-12T00:00:00.000Z","clientcode":"109850","clientname":"WIPRO ENTERPRISES LIMITED","holdingcode":"121500","holdingname":"UNZA WIPRO INT'L","applicationgroupcode":"017310","applicationgroupname":"SOAP BAR","subsegmentcode":"BS","subsegmentname":"SOAP BAR","initiator":null}},{"url":"export-brief-00228156B.json","header":{"code":"00228156B","client":"109850","country":"IN","description":"Chandrika Glycerine","dosage":1.1,"application":null,"projectcode":"00228156","projectname":"Chandrika Glycerine","projecttype":"NEW","projectdtstart":"2012-07-17T00:00:00.000Z","clientcode":"109850","clientname":"WIPRO ENTERPRISES LIMITED","holdingcode":"121500","holdingname":"UNZA WIPRO INT'L","applicationgroupcode":"017310","applicationgroupname":"SOAP BAR","subsegmentcode":"BS","subsegmentname":"SOAP BAR","initiator":null}},{"url":"export-brief-00229539A.json","header":{"code":"00229539A","client":"004200","country":"IN","description":"STARSEARCH - NEXT GENERATION FRESHNESS YELLOW THEMES","dosage":1,"application":null,"projectcode":"00229539","projectname":"STARSEARCH-SOAP FRESHNESS INDIA","projecttype":"INTERNAL","projectdtstart":"2012-08-06T00:00:00.000Z","clientcode":"003600","clientname":"FIRMENICH AROMATICS PTE","holdingcode":"003600","holdingname":"FIRMENICH AROMATICS PTE","applicationgroupcode":"017310","applicationgroupname":"SOAP BAR","subsegmentcode":"BS","subsegmentname":"SOAP BAR","initiator":null}},{"url":"export-brief-00231946A.json","header":{"code":"00231946A","client":"832641","country":"IN","description":"Revive Old Fragrances of Liril Core","dosage":1.3,"application":null,"projectcode":"00231946","projectname":"Revive Old fragrances of Liril ","projecttype":"NEW","projectdtstart":"2012-09-12T00:00:00.000Z","clientcode":"832641","clientname":"HINDUSTAN UNILEVER LIMITED","holdingcode":"832000","holdingname":"UNILEVER INT'L","applicationgroupcode":"017310","applicationgroupname":"SOAP BAR","subsegmentcode":"BS","subsegmentname":"SOAP BAR","initiator":null}},{"url":"export-brief-00232307A.json","header":{"code":"00232307A","client":"102086","country":"IN","description":"To develop winning frag for Superia Silk Fresh variant","dosage":1,"application":null,"projectcode":"00232307","projectname":"Superia Silk Fresh - New Variant","projecttype":"NEW","projectdtstart":"2012-09-18T00:00:00.000Z","clientcode":"102086","clientname":"ITC LIMITED","holdingcode":"102086","holdingname":"ITC LIMITED","applicationgroupcode":"017310","applicationgroupname":"SOAP BAR","subsegmentcode":"BS","subsegmentname":"SOAP BAR","initiator":null}},{"url":"export-brief-00234562B.json","header":{"code":"00234562B","client":"111155","country":"IN","description":"Dyna - Lavender & Jasmin","dosage":1.2,"application":null,"projectcode":"00234562","projectname":"Anchor Lavender & Jasmin","projecttype":"NEW","projectdtstart":"2012-10-19T00:00:00.000Z","clientcode":"111155","clientname":"ANCHOR HEALTH & BEAUTY CARE PVT LTD","holdingcode":"111155","holdingname":"ANCHOR HEALTH & BEAUTY CARE PVT LTD","applicationgroupcode":"017310","applicationgroupname":"SOAP BAR","subsegmentcode":"BS","subsegmentname":"SOAP BAR","initiator":null}},{"url":"export-brief-00234562D.json","header":{"code":"00234562D","client":"111155","country":"IN","description":"Dyna - Lavender & Jasmin","dosage":1.2,"application":null,"projectcode":"00234562","projectname":"Anchor Lavender & Jasmin","projecttype":"NEW","projectdtstart":"2012-10-19T00:00:00.000Z","clientcode":"111155","clientname":"ANCHOR HEALTH & BEAUTY CARE PVT LTD","holdingcode":"111155","holdingname":"ANCHOR HEALTH & BEAUTY CARE PVT LTD","applicationgroupcode":"017310","applicationgroupname":"SOAP BAR","subsegmentcode":"BS","subsegmentname":"SOAP BAR","initiator":null}},{"url":"export-brief-00238778A.json","header":{"code":"00238778A","client":"102086","country":"IN","description":"To create fragrance for Vivel Pink that is superior to Lux Pink","dosage":1.1,"application":null,"projectcode":"00238778","projectname":"VIVEL PINK ( MIXEDFRUIT + CREAM ) RELAUNCH ","projecttype":"DEFENSE","projectdtstart":"2012-12-28T00:00:00.000Z","clientcode":"102086","clientname":"ITC LIMITED","holdingcode":"102086","holdingname":"ITC LIMITED","applicationgroupcode":"017310","applicationgroupname":"SOAP BAR","subsegmentcode":"BS","subsegmentname":"SOAP BAR","initiator":null}}]}